filename,size_bytes,sha256
2010Q1-house-disburse-detail.csv,27324016,9a5fc2be1f9b5fb8377a986612eb2090e933394be0f1c4c98d6d6cfd7c237030
2010Q2-house-disburse-detail.csv,25156577,1a96048dd6a42d63c13840e3ba57348f5f1f1138a4625720f520f4a51ee3d149
2010Q3-house-disburse-detail.csv,26224707,47eb787a25dae7213d73287ace21889e0631170ddb51ffe5fb09e6af99c1c81d
2010Q4-house-disburse-detail.csv,18232690,f662fbc05f4a2dd8bd321fa79ee227f9c73f369fa5ce61928001ab96e7dc7d30
2011Q1-house-disburse-detail.csv,21188916,570db2b40e50665729ac5a7898552c2218bc265b0386f806ac01c43b611dd3ac
2011Q2-house-disburse-detail.csv,20166024,0e25ee639cea6dfa345c0494c37e33a7363bc63e4eba87dcb6d2e3c57130d573
2011Q3-house-disburse-detail.csv,19478289,7f56a9285bf5aead3c1e321454ee0e1f2775bab5e7220d56f28ed1f6c6fb1ee6
2011Q4-house-disburse-detail.csv,18423347,3bd23f166da947880639de8e7507679f529b3f55c59b85511c47a97880e3d2b2
2012Q1-house-disburse-detail.csv,21064355,15c04ae8d88fbcb533e8603c6b9932b4844490cee7b20eddcf912f76e97ea56f
2012Q2-house-disburse-detail.csv,18602330,78cfd49860d32646407fa234acbd6dfd68b1fec47e3beda45f47a997fa5be063
2012Q3-house-disburse-detail.csv,16897878,b9d2e871f6d6e02a7c31e38036b1db8cad67a4160dd7199ee351b713f0b7f003
2012Q4-house-disburse-detail.csv,16355795,21ac2a216c50ff68cd7009ae819c2cea40e810399c271a6ba7a8f7c688f3752a
2013Q1-house-disburse-detail.csv,19323961,9474c97bde5d33de1f5c483c5222a1c19f34f65e8eb917e9792ab2b45cc3bb7a
2013Q2-house-disburse-detail.csv,17320000,c0126e7369c25dfb089de934c1a8faae15920b19e35d2896d4fe367bf6ba8d0b
2013Q3-house-disburse-detail.csv,17474325,43cb46dba151998d1298d10b5de522f9af2a7f3eb2ca1bf33fd3963acb4ae025
2013Q4-house-disburse-detail.csv,16080965,229d3c0a6b9cb736fb53d30c055e7c45790941f5c347ec75f0c6e5ea65f323b4
2014Q1-house-disburse-detail.csv,18352110,44931d21b3ee2581daeae8c4a61f9d83b27e2061c3d9b0bf01526792d7a68681
2014Q2-house-disburse-detail.csv,17111284,f28966e072927d52c414143b6520261f6fb150678aa4bca98c04a0b027564d66
2014Q3-house-disburse-detail.csv,16360856,ed1cff0decc08404e98f4e98ed1d80331b20680b8a19fde709de34a09c06ab29
2014Q4-house-disburse-detail.csv,16248166,935a4285dba671f59f9189c8d1c47ba2ff14fa38836f5dbbdbad96b0e20086fe
2015Q1-house-disburse-detail.csv,18472841,556320f2f180f3bd1a9b2698c0e5754f87c6236e109181811ed2c96011becc40
2015Q2-house-disburse-detail.csv,17351457,fb01bc4b30dca57ea9c90433ff6e0a80f0b31bc29cf8248e331ef4cc86d9f15b
2015Q3-house-disburse-detail.csv,16623443,c9588880e8d884788ce633fc0963a20705454df3dc26cc70c53baead53225a7e
2015Q4-house-disburse-detail.csv,17474454,482590c80ce25c344ed6a401624a558259c811556d73987b288439cb58b9f7e1
2016Q1-house-disburse-detail.csv,18543243,d9402115d079992030786f92f76f8808fcc4cde72f7906990d876f3dc5b37f0a
2016Q2-house-disburse-detail.csv,18021985,28d0c73dddd2954a21f750303604bf7fd94cef483d91e964f5dfe6762cc2c602
2016Q3-house-disburse-detail.csv,16781325,28c3eb9817a6eb07e2b5d2a6c15154f3863aa8d61b048b2900c167b5bb3b5b3b
2016Q4-house-disburse-detail.csv,17293642,3ee844dcc2ee8a4abbab258fe3609a5d3b03eed4f6c6ea0ee1de112e34a4e910
2017Q1-house-disburse-detail.csv,19603714,4e1dff96d5d05bf7b3448c8f575c502c32286a487c2c97d96f2f93f958d90714
2017Q2-house-disburse-detail.csv,19601479,23f277cef85851840b491a72b0ebe7ab4dbd8bbbf90542d0ef815bdfc7e1e442
2017Q3-house-disburse-detail.csv,19164191,cdec1f57969154d16c1437c6a89184e168cb32b2c517207be915f0d4a0c7466a
2017Q4-house-disburse-detail.csv,18382688,a05e5abe680ff0f449cd7ed28fd3d4e45986d7951c6cfd82dfe4c2f001755f87
2018Q1-house-disburse-detail.csv,16917681,d2d9e3bbc1c944051b34ce139b6adcff4902d77fd68e571dea6d62b8543627ac
2018Q2-house-disburse-detail.csv,18543073,53c8c02a1e245d1ab0714e55fa2ccce31f9f239db87bffb56d7991f7b298cb35
2018Q3-house-disburse-detail.csv,18510668,7cfd61196a5a2815139ad9e2ce667129f5b3ed77ef8cd88fa7fb950ee3b11198
2018Q4-house-disburse-detail.csv,18332835,aa756a58a6c531f3397a0b5c9b645671f040013248dce382b3909fb47260a4cc
2019Q1-house-disburse-detail.csv,21685090,117aecb99db3922ba63e41f83ff5e98e6c2bd28e4ce3a83509a42d3c6205a7a2
2019Q2-house-disburse-detail.csv,22135071,5e51b83e57856e0fd7c35dcaa4b528e473987a7c649188eb9eb94d812ed09793
2019Q3-house-disburse-detail.csv,21377764,854d9644d9897b6d00e7b054a757b9a956527c310dc1f8d9eee6b79426c7f761
2019Q4-house-disburse-detail.csv,21750131,466657986f8b94766ebb1949d5521d4263a2dfd1048997680be19fd57c60fa38
2020Q1-house-disburse-detail.csv,25088765,889574b8c9d9c7411cdc2938e3b2a77b8bfece01ebb1022262bfc564f2b1a1ea
2020Q2-house-disburse-detail.csv,16144991,cbe7d5c0e5bc0a9fdfe68ff42b8427bfd6224baebc734cce24431c56533af81c
2020Q3-house-disburse-detail.csv,16576117,65e522d19d9d3929ebad06bf7c76d46489ba6f12a1a0203d82ade32e3bb7e02b
2020Q4-house-disburse-detail.csv,16329119,0e9479da8c7a4be3770c29dd22d52c59bee874694e44392f4bce390b73cc9ace
2021Q1-house-disburse-detail.csv,19764020,3c4d8f3648d0c3655e6bce353069b0c8ce3cf40a3eb59f09fab9bae8b04aac8e
2021Q2-house-disburse-detail.csv,18509988,d4690b3f9d7434bdde9304b3eb6cbd44ecc32695f8a4decfefa86b8276cf429a
2021Q3-house-disburse-detail.csv,19422594,2e75979ee43655d06465c944a8c4c2a777408246cc80f240e0da503efc50b680
2021Q4-house-disburse-detail.csv,19802837,a57bc8aa06145732b3bf651643248366fcd3ec560b9f3db5013b93545bc3727b
2022Q1-house-disburse-detail.csv,22544668,01c180208ca022baa2ca02cdf89541e06566b2274377bf86a04df7ab9e05317e
2022Q2-house-disburse-detail.csv,21895022,93a8fad55b0a98386eb57af95824ac847b76c3d93a99cc9c21b433310b69df60
2022Q3-house-disburse-detail.csv,23277730,f92ac8e06b977badc68f211e849483c708caaf001a936d46c2aea37faa1bb519
2022Q4-house-disburse-detail.csv,24016600,ef4784122963ed8b5925a63ffe0737eca9dfc0673ecfef9fc61daec4c4ce038d
2023Q1-house-disburse-detail only.csv,25135318,618b71d74c6df6c2323bc554cd90c33920a16a7708aa333dba745380a3597a3d
2023Q2-house-disburse-detail only.csv,24372019,4032ccdbaf3f28899254b3e15e68e39dc50b213091ef8770c2c5583213fad19e
2023Q3-house-disburse-detail only.csv,25132485,4c1e5eaa039e3553eb0bf87ff2c14f1324bb372c6229c85c6a4b0e321d1377b9
2023Q4-house-disburse-detail only.csv,23410979,ff0ae081ab66c556b15a1ee7b7762704c51692740f70da1b37c178a44aed5adc
2024Q1-house-disburse-detail only.csv,27329245,0818d7f58807de2b30434598a9867eaf4e27e5a6559a010e629df40b8cc23866
2024Q2-house-disburse-detail only.csv,24585829,24e9d1123814f262e31eafa565401a3f27d66e5a967cd1e3cb421c6695cc50b3
2024Q3-house-disburse-detail only.csv,23793717,00beae701f64d23e212dad58068c0702ab588969c9a44ea7cbb51a5fb32296c1
2024Q4-house-disburse-detail only.csv,24369135,66d37b4236c328babcc7a6b8fc79c80771896b97107de13721c8f9e4f279cd5c
2025Q1-house-disburse-details only.xlsx,12056134,3cbc2a0e27b1ff76e96062c19860cf8abe3be5081ecd8ad46ce454a95afd4528
2025Q2-house-disburse-details only.xlsx,11145402,3d97d6805697239e96fc82e853bb92c8de4f03593eb0a8a891daa5f5fc1d5e8e
